{
  "id": "WC1986",
  "stages": [
    {
      "name": "Group Stage",
      "type": "roundrobin",
      "eliminateCount": 16,
      "next_round": "Round of 16",
      "advancement": {
        "teams": {
          "auto": [1, 2],
          "wild_card": { "pos": 3, "count": 4 },
          "eliminated": [4],
          "text": "The top 2 teams and the four best third-placed teams advance to the knockout stage."
        }
      },
      "groups": [
        {
          "name": "Group A",
          "teams": [{ "id": "BUL-1971-1990" }, { "id": "ITA" }, { "id": "ARG" }, { "id": "KOR" }],
          "matches": [
            {
              "home_team": "BUL-1971-1990",
              "away_team": "ITA",
              "home_score": 1,
              "away_score": 1,
              "date": "1986-05-31",
              "time": "12:00",
              "stadium": "Estadio Azteca",
              "city": "Mexico City"
            },
            {
              "home_team": "ARG",
              "away_team": "KOR",
              "home_score": 3,
              "away_score": 1,
              "date": "1986-06-02",
              "time": "12:00",
              "stadium": "Estadio Olímpico Universitario",
              "city": "Mexico City"
            },
            {
              "home_team": "ITA",
              "away_team": "ARG",
              "home_score": 1,
              "away_score": 1,
              "date": "1986-06-05",
              "time": "12:00",
              "stadium": "Estadio Cuauhtémoc",
              "city": "Puebla"
            },
            {
              "home_team": "KOR",
              "away_team": "BUL-1971-1990",
              "home_score": 1,
              "away_score": 1,
              "date": "1986-06-05",
              "time": "16:00",
              "stadium": "Estadio Olímpico Universitario",
              "city": "Mexico City"
            },
            {
              "home_team": "KOR",
              "away_team": "ITA",
              "home_score": 2,
              "away_score": 3,
              "date": "1986-06-10",
              "time": "12:00",
              "stadium": "Estadio Cuauhtémoc",
              "city": "Puebla"
            },
            {
              "home_team": "ARG",
              "away_team": "BUL-1971-1990",
              "home_score": 2,
              "away_score": 0,
              "date": "1986-06-10",
              "time": "12:00",
              "stadium": "Estadio Olímpico Universitario",
              "city": "Mexico City"
            }
          ]
        },
        {
          "name": "Group B",
          "teams": [{ "id": "BEL" }, { "id": "MEX" }, { "id": "PAR" }, { "id": "IRQ-1963-1991" }],
          "matches": [
            {
              "home_team": "BEL",
              "away_team": "MEX",
              "home_score": 1,
              "away_score": 2,
              "date": "1986-06-03",
              "time": "12:00",
              "stadium": "Estadio Azteca",
              "city": "Mexico City"
            },
            {
              "home_team": "PAR",
              "away_team": "IRQ-1963-1991",
              "home_score": 1,
              "away_score": 0,
              "date": "1986-06-04",
              "time": "12:00",
              "stadium": "Estadio Nemesio Díez",
              "city": "Toluca"
            },
            {
              "home_team": "MEX",
              "away_team": "PAR",
              "home_score": 1,
              "away_score": 1,
              "date": "1986-06-07",
              "time": "12:00",
              "stadium": "Estadio Azteca",
              "city": "Mexico City"
            },
            {
              "home_team": "IRQ-1963-1991",
              "away_team": "BEL",
              "home_score": 1,
              "away_score": 2,
              "date": "1986-06-08",
              "time": "12:00",
              "stadium": "Estadio Nemesio Díez",
              "city": "Toluca"
            },
            {
              "home_team": "PAR",
              "away_team": "BEL",
              "home_score": 2,
              "away_score": 2,
              "date": "1986-06-11",
              "time": "12:00",
              "stadium": "Estadio Nemesio Díez",
              "city": "Toluca"
            },
            {
              "home_team": "IRQ-1963-1991",
              "away_team": "MEX",
              "home_score": 0,
              "away_score": 1,
              "date": "1986-06-11",
              "time": "12:00",
              "stadium": "Estadio Azteca",
              "city": "Mexico City"
            }
          ]
        },
        {
          "name": "Group C",
          "teams": [{ "id": "CAN" }, { "id": "FRA" }, { "id": "URS" }, { "id": "HUN" }],
          "matches": [
            {
              "home_team": "CAN",
              "away_team": "FRA",
              "home_score": 0,
              "away_score": 1,
              "date": "1986-06-01",
              "time": "16:00",
              "stadium": "Estadio Nou Camp",
              "city": "León"
            },
            {
              "home_team": "URS",
              "away_team": "HUN",
              "home_score": 6,
              "away_score": 0,
              "date": "1986-06-02",
              "time": "12:00",
              "stadium": "Estadio Sergio León Chavez",
              "city": "Irapuato"
            },
            {
              "home_team": "FRA",
              "away_team": "URS",
              "home_score": 1,
              "away_score": 1,
              "date": "1986-06-05",
              "time": "12:00",
              "stadium": "Estadio Nou Camp",
              "city": "León"
            },
            {
              "home_team": "HUN",
              "away_team": "CAN",
              "home_score": 2,
              "away_score": 0,
              "date": "1986-06-06",
              "time": "12:00",
              "stadium": "Estadio Sergio León Chavez",
              "city": "Irapuato"
            },
            {
              "home_team": "HUN",
              "away_team": "FRA",
              "home_score": 0,
              "away_score": 3,
              "date": "1986-06-09",
              "time": "12:00",
              "stadium": "Estadio Nou Camp",
              "city": "León"
            },
            {
              "home_team": "URS",
              "away_team": "CAN",
              "home_score": 2,
              "away_score": 0,
              "date": "1986-06-09",
              "time": "12:00",
              "stadium": "Estadio Sergio León Chavez",
              "city": "Irapuato"
            }
          ]
        },
        {
          "name": "Group D",
          "teams": [{ "id": "ESP" }, { "id": "BRA" }, { "id": "ALG" }, { "id": "NIR" }],
          "matches": [
            {
              "home_team": "ESP",
              "away_team": "BRA",
              "home_score": 0,
              "away_score": 1,
              "date": "1986-06-01",
              "time": "12:00",
              "stadium": "Estadio Jalisco",
              "city": "Guadalajara"
            },
            {
              "home_team": "ALG",
              "away_team": "NIR",
              "home_score": 1,
              "away_score": 1,
              "date": "1986-06-03",
              "time": "12:00",
              "stadium": "Estadio Tres de Marzo",
              "city": "Zapopan"
            },
            {
              "home_team": "BRA",
              "away_team": "ALG",
              "home_score": 1,
              "away_score": 0,
              "date": "1986-06-06",
              "time": "12:00",
              "stadium": "Estadio Jalisco",
              "city": "Guadalajara"
            },
            {
              "home_team": "NIR",
              "away_team": "ESP",
              "home_score": 1,
              "away_score": 2,
              "date": "1986-06-07",
              "time": "12:00",
              "stadium": "Estadio Tres de Marzo",
              "city": "Zapopan"
            },
            {
              "home_team": "NIR",
              "away_team": "BRA",
              "home_score": 0,
              "away_score": 3,
              "date": "1986-06-12",
              "time": "12:00",
              "stadium": "Estadio Jalisco",
              "city": "Guadalajara"
            },
            {
              "home_team": "ALG",
              "away_team": "ESP",
              "home_score": 0,
              "away_score": 3,
              "date": "1986-06-12",
              "time": "12:00",
              "stadium": "Estadio Tecnológico",
              "city": "Monterrey"
            }
          ]
        },
        {
          "name": "Group E",
          "teams": [{ "id": "URU" }, { "id": "GER-1949-1990" }, { "id": "SCO" }, { "id": "DEN" }],
          "matches": [
            {
              "home_team": "URU",
              "away_team": "GER-1949-1990",
              "home_score": 1,
              "away_score": 1,
              "date": "1986-06-04",
              "time": "12:00",
              "stadium": "Estadio La Corregidora",
              "city": "Querétaro"
            },
            {
              "home_team": "SCO",
              "away_team": "DEN",
              "home_score": 0,
              "away_score": 1,
              "date": "1986-06-04",
              "time": "16:00",
              "stadium": "Estadio Neza 86",
              "city": "Nezahualcóyotl"
            },
            {
              "home_team": "GER-1949-1990",
              "away_team": "SCO",
              "home_score": 2,
              "away_score": 1,
              "date": "1986-06-08",
              "time": "12:00",
              "stadium": "Estadio La Corregidora",
              "city": "Querétaro"
            },
            {
              "home_team": "DEN",
              "away_team": "URU",
              "home_score": 6,
              "away_score": 1,
              "date": "1986-06-08",
              "time": "16:00",
              "stadium": "Estadio Neza 86",
              "city": "Nezahualcóyotl"
            },
            {
              "home_team": "DEN",
              "away_team": "GER-1949-1990",
              "home_score": 2,
              "away_score": 0,
              "date": "1986-06-13",
              "time": "12:00",
              "stadium": "Estadio La Corregidora",
              "city": "Querétaro"
            },
            {
              "home_team": "SCO",
              "away_team": "URU",
              "home_score": 0,
              "away_score": 0,
              "date": "1986-06-13",
              "time": "12:00",
              "stadium": "Estadio Neza 86",
              "city": "Nezahualcóyotl"
            }
          ]
        },
        {
          "name": "Group F",
          "teams": [{ "id": "MAR" }, { "id": "POL" }, { "id": "POR" }, { "id": "ENG" }],
          "matches": [
            {
              "home_team": "MAR",
              "away_team": "POL",
              "home_score": 0,
              "away_score": 0,
              "date": "1986-06-02",
              "time": "16:00",
              "stadium": "Estadio Universitario",
              "city": "San Nicolás de los Garza"
            },
            {
              "home_team": "POR",
              "away_team": "ENG",
              "home_score": 1,
              "away_score": 0,
              "date": "1986-06-03",
              "time": "16:00",
              "stadium": "Estadio Tecnológico",
              "city": "Monterrey"
            },
            {
              "home_team": "ENG",
              "away_team": "MAR",
              "home_score": 0,
              "away_score": 0,
              "date": "1986-06-06",
              "time": "16:00",
              "stadium": "Estadio Tecnológico",
              "city": "Monterrey"
            },
            {
              "home_team": "POL",
              "away_team": "POR",
              "home_score": 1,
              "away_score": 0,
              "date": "1986-06-07",
              "time": "16:00",
              "stadium": "Estadio Universitario",
              "city": "San Nicolás de los Garza"
            },
            {
              "home_team": "ENG",
              "away_team": "POL",
              "home_score": 3,
              "away_score": 0,
              "date": "1986-06-11",
              "time": "16:00",
              "stadium": "Estadio Tecnológico",
              "city": "Monterrey"
            },
            {
              "home_team": "POR",
              "away_team": "MAR",
              "home_score": 1,
              "away_score": 3,
              "date": "1986-06-11",
              "time": "16:00",
              "stadium": "Estadio Tres de Marzo",
              "city": "Zapopan"
            }
          ]
        }
      ]
    },
    {
      "name": "Knockout Stage",
      "type": "knockout",
      "rounds": [
        {
          "name": "Round of 16",
          "short_name": "1/8",
          "eliminateCount": 8,
          "next_round": "Quarter-finals",
          "matches": [
            {
              "home_team": "MEX",
              "away_team": "BUL-1971-1990",
              "home_score": 2,
              "away_score": 0,
              "date": "1986-06-15",
              "time": "12:00",
              "stadium": "Estadio Azteca",
              "city": "Mexico City",
              "bracket_order": 8
            },
            {
              "home_team": "URS",
              "away_team": "BEL",
              "home_score": 2,
              "away_score": 2,
              "home_extra_score": 1,
              "away_extra_score": 2,
              "date": "1986-06-15",
              "time": "16:00",
              "stadium": "Estadio Nou Camp",
              "city": "León",
              "bracket_order": 4
            },
            {
              "home_team": "BRA",
              "away_team": "POL",
              "home_score": 4,
              "away_score": 0,
              "date": "1986-06-16",
              "time": "12:00",
              "stadium": "Estadio Jalisco",
              "city": "Guadalajara",
              "bracket_order": 5
            },
            {
              "home_team": "ARG",
              "away_team": "URU",
              "home_score": 1,
              "away_score": 0,
              "date": "1986-06-16",
              "time": "16:00",
              "stadium": "Estadio Cuauhtémoc",
              "city": "Puebla",
              "bracket_order": 1
            },
            {
              "home_team": "ITA",
              "away_team": "FRA",
              "home_score": 0,
              "away_score": 2,
              "date": "1986-06-17",
              "time": "12:00",
              "stadium": "Estadio Olímpico Universitario",
              "city": "Mexico City",
              "bracket_order": 6
            },
            {
              "home_team": "MAR",
              "away_team": "GER-1949-1990",
              "home_score": 0,
              "away_score": 1,
              "date": "1986-06-17",
              "time": "16:00",
              "stadium": "Estadio Universitario",
              "city": "San Nicolás de los Garza",
              "bracket_order": 7
            },
            {
              "home_team": "ENG",
              "away_team": "PAR",
              "home_score": 3,
              "away_score": 0,
              "date": "1986-06-18",
              "time": "12:00",
              "stadium": "Estadio Azteca",
              "city": "Mexico City",
              "bracket_order": 2
            },
            {
              "home_team": "DEN",
              "away_team": "ESP",
              "home_score": 1,
              "away_score": 5,
              "date": "1986-06-18",
              "time": "16:00",
              "stadium": "Estadio La Corregidora",
              "city": "Querétaro",
              "bracket_order": 3
            }
          ]
        },
        {
          "name": "Quarter-finals",
          "short_name": "1/4",
          "eliminateCount": 4,
          "next_round": "Semi-finals",
          "matches": [
            {
              "home_team": "BRA",
              "away_team": "FRA",
              "home_score": 1,
              "away_score": 1,
              "home_extra_score": 0,
              "away_extra_score": 0,
              "home_penalty_score": 3,
              "away_penalty_score": 4,
              "date": "1986-06-21",
              "time": "12:00",
              "stadium": "Estadio Jalisco",
              "city": "Guadalajara",
              "bracket_order": 3
            },
            {
              "home_team": "GER-1949-1990",
              "away_team": "MEX",
              "home_score": 0,
              "away_score": 0,
              "home_extra_score": 0,
              "away_extra_score": 0,
              "home_penalty_score": 4,
              "away_penalty_score": 1,
              "date": "1986-06-21",
              "time": "16:00",
              "stadium": "Estadio Universitario",
              "city": "San Nicolás de los Garza",
              "bracket_order": 4
            },
            {
              "home_team": "ARG",
              "away_team": "ENG",
              "home_score": 2,
              "away_score": 1,
              "date": "1986-06-22",
              "time": "12:00",
              "stadium": "Estadio Azteca",
              "city": "Mexico City",
              "bracket_order": 1
            },
            {
              "home_team": "ESP",
              "away_team": "BEL",
              "home_score": 1,
              "away_score": 1,
              "home_extra_score": 0,
              "away_extra_score": 0,
              "home_penalty_score": 4,
              "away_penalty_score": 5,
              "date": "1986-06-22",
              "time": "16:00",
              "stadium": "Estadio Cuauhtémoc",
              "city": "Puebla",
              "bracket_order": 2
            }
          ]
        },
        {
          "name": "Semi-finals",
          "short_name": "1/2",
          "eliminateCount": 2,
          "next_round": "Final",
          "matches": [
            {
              "home_team": "FRA",
              "away_team": "GER-1949-1990",
              "home_score": 0,
              "away_score": 2,
              "date": "1986-06-25",
              "time": "12:00",
              "stadium": "Estadio Jalisco",
              "city": "Guadalajara",
              "bracket_order": 2
            },
            {
              "home_team": "ARG",
              "away_team": "BEL",
              "home_score": 2,
              "away_score": 0,
              "date": "1986-06-25",
              "time": "16:00",
              "stadium": "Estadio Azteca",
              "city": "Mexico City",
              "bracket_order": 1
            }
          ]
        },
        {
          "name": "Third place",
          "short_name": "3rd",
          "matches": [
            {
              "home_team": "BEL",
              "away_team": "FRA",
              "home_score": 2,
              "away_score": 2,
              "home_extra_score": 0,
              "away_extra_score": 2,
              "date": "1986-06-28",
              "time": "12:00",
              "stadium": "Estadio Cuauhtémoc",
              "city": "Puebla"
            }
          ]
        },
        {
          "name": "Final",
          "short_name": "1st",
          "matches": [
            {
              "home_team": "ARG",
              "away_team": "GER-1949-1990",
              "home_score": 3,
              "away_score": 2,
              "date": "1986-06-29",
              "time": "12:00",
              "stadium": "Estadio Azteca",
              "city": "Mexico City"
            }
          ]
        }
      ]
    }
  ]
}
