{ "id": "COPA2004", "stages": [ { "name": "Group Stage", "type": "roundrobin", "eliminateCount": 8, "next_round": "Quarter-finals", "advancement": { "teams": { "auto": [1, 2], "wild_card": { "pos": 3, "count": 2 }, "eliminated": [4], "text": "The top 2 teams and the 2 best third-placed teams would advance to the Quarter-finals." } }, "groups": [ { "name": "Group A", "teams": [{ "id": "VEN" }, { "id": "COL" }, { "id": "PER" }, { "id": "BOL" }], "matches": [ { "home_team": "VEN", "away_team": "COL", "home_score": 0, "away_score": 1, "date": "2004-07-06", "time": "12:00", "stadium": "Estadio Nacional", "city": "Lima" }, { "home_team": "PER", "away_team": "BOL", "home_score": 2, "away_score": 2, "date": "2004-07-06", "time": "15:00", "stadium": "Estadio Nacional", "city": "Lima" }, { "home_team": "COL", "away_team": "BOL", "home_score": 1, "away_score": 0, "date": "2004-07-09", "time": "12:00", "stadium": "Estadio Nacional", "city": "Lima" }, { "home_team": "PER", "away_team": "VEN", "home_score": 3, "away_score": 1, "date": "2004-07-09", "time": "15:00", "stadium": "Estadio Nacional", "city": "Lima" }, { "home_team": "VEN", "away_team": "BOL", "home_score": 1, "away_score": 1, "date": "2004-07-12", "time": "12:00", "stadium": "Estadio Mansiche", "city": "Trujillo" }, { "home_team": "PER", "away_team": "COL", "home_score": 2, "away_score": 2, "date": "2004-07-12", "time": "15:00", "stadium": "Estadio Mansiche", "city": "Trujillo" } ] }, { "name": "Group B", "teams": [{ "id": "MEX" }, { "id": "URU" }, { "id": "ARG" }, { "id": "ECU" }], "matches": [ { "home_team": "MEX", "away_team": "URU", "home_score": 2, "away_score": 2, "date": "2004-07-07", "time": "12:00", "stadium": "Estadio Elías Aguirre", "city": "Chiclayo" }, { "home_team": "ARG", "away_team": "ECU", "home_score": 6, "away_score": 1, "date": "2004-07-07", "time": "15:00", "stadium": "Estadio Elías Aguirre", "city": "Chiclayo" }, { "home_team": "URU", "away_team": "ECU", "home_score": 2, "away_score": 1, "date": "2004-07-10", "time": "12:00", "stadium": "Estadio Elías Aguirre", "city": "Chiclayo" }, { "home_team": "ARG", "away_team": "MEX", "home_score": 0, "away_score": 1, "date": "2004-07-10", "time": "15:00", "stadium": "Estadio Elías Aguirre", "city": "Chiclayo" }, { "home_team": "MEX", "away_team": "ECU", "home_score": 2, "away_score": 1, "date": "2004-07-13", "time": "12:00", "stadium": "Estadio Miguel Grau", "city": "Piura" }, { "home_team": "ARG", "away_team": "URU", "home_score": 4, "away_score": 2, "date": "2004-07-13", "time": "15:00", "stadium": "Estadio Miguel Grau", "city": "Piura" } ] }, { "name": "Group C", "teams": [{ "id": "CRC" }, { "id": "PAR" }, { "id": "BRA" }, { "id": "CHI" }], "matches": [ { "home_team": "CRC", "away_team": "PAR", "home_score": 0, "away_score": 1, "date": "2004-07-08", "time": "12:00", "stadium": "Estadio Arequipa", "city": "Arequipa" }, { "home_team": "BRA", "away_team": "CHI", "home_score": 1, "away_score": 0, "date": "2004-07-08", "time": "15:00", "stadium": "Estadio Arequipa", "city": "Arequipa" }, { "home_team": "BRA", "away_team": "CRC", "home_score": 4, "away_score": 1, "date": "2004-07-11", "time": "12:00", "stadium": "Estadio Arequipa", "city": "Arequipa" }, { "home_team": "PAR", "away_team": "CHI", "home_score": 1, "away_score": 1, "date": "2004-07-11", "time": "15:00", "stadium": "Estadio Arequipa", "city": "Arequipa" }, { "home_team": "CRC", "away_team": "CHI", "home_score": 2, "away_score": 1, "date": "2004-07-14", "time": "12:00", "stadium": "Estadio Jorge Basadre", "city": "Tacna" }, { "home_team": "BRA", "away_team": "PAR", "home_score": 1, "away_score": 2, "date": "2004-07-14", "time": "12:00", "stadium": "Estadio Arequipa", "city": "Arequipa" } ] } ] }, { "name": "Knockout Stage", "type": "knockout", "rounds": [ { "name": "Quarter-finals", "short_name": "1/4", "eliminateCount": 4, "next_round": "Semi-finals", "matches": [ { "home_team": "PER", "away_team": "ARG", "home_score": 0, "away_score": 1, "date": "2004-07-17", "time": "12:00", "stadium": "Estadio Elías Aguirre", "city": "Chiclayo", "bracket_order": 1 }, { "home_team": "COL", "away_team": "CRC", "home_score": 2, "away_score": 0, "date": "2004-07-17", "time": "12:00", "stadium": "Estadio Mansiche", "city": "Trujillo", "bracket_order": 2 }, { "home_team": "PAR", "away_team": "URU", "home_score": 1, "away_score": 3, "date": "2004-07-18", "time": "12:00", "stadium": "Estadio Jorge Basadre", "city": "Tacna", "bracket_order": 3 }, { "home_team": "MEX", "away_team": "BRA", "home_score": 0, "away_score": 4, "date": "2004-07-18", "time": "12:00", "stadium": "Estadio Miguel Grau", "city": "Piura", "bracket_order": 4 } ] }, { "name": "Semi-finals", "short_name": "1/2", "eliminateCount": 2, "next_round": "Final", "matches": [ { "home_team": "ARG", "away_team": "COL", "home_score": 3, "away_score": 0, "date": "2004-07-20", "time": "19:45", "stadium": "Estadio Nacional", "city": "Lima", "bracket_order": 1 }, { "home_team": "URU", "away_team": "BRA", "home_score": 1, "away_score": 1, "home_penalty_score": 3, "away_penalty_score": 5, "date": "2004-07-21", "time": "19:45", "stadium": "Estadio Nacional", "city": "Lima", "bracket_order": 2 } ] }, { "name": "Third-place", "short_name": "3rd", "matches": [ { "home_team": "COL", "away_team": "URU", "home_score": 1, "away_score": 2, "date": "2004-07-24", "time": "12:00", "stadium": "Estadio Garcilaso", "city": "Cuzco" } ] }, { "name": "Final", "short_name": "1st", "matches": [ { "home_team": "ARG", "away_team": "BRA", "home_score": 2, "away_score": 2, "home_penalty_score": 2, "away_penalty_score": 4, "date": "2004-07-25", "time": "12:00", "stadium": "Estadio Nacional", "city": "Lima" } ] } ] } ] }